learning evaluation instances,evaluation time (cpu seconds),model cost (RAM-Hours),classified instances,classifications correct (percent),Kappa Statistic (percent),Kappa Temporal Statistic (percent),Kappa M Statistic (percent),model training instances,model serialized size (bytes),Change detected,Warning detected,[avg] model training instances,[err] model training instances,[avg] model serialized size (bytes),[err] model serialized size (bytes),[avg] tree size (nodes),[err] tree size (nodes),[avg] tree size (leaves),[err] tree size (leaves),[avg] active learning leaves,[err] active learning leaves,[avg] tree depth,[err] tree depth,[avg] active leaf byte size estimate,[err] active leaf byte size estimate,[avg] inactive leaf byte size estimate,[err] inactive leaf byte size estimate,[avg] byte size estimate overhead,[err] byte size estimate overhead
"500000.0,4.65625,6.87282428973251E-8,500000.0,73.628,70.69721310187408,70.69621490923961,70.62073882625552,17409.0,16976.0,45.0,0.0,1.0,1.0,1.0,0.0,0.0,0.0,1.0,1.0"
"500000.0,5.328125,7.680387675969137E-8,500000.0,73.4936,70.54780945678712,70.54687361103703,70.47101287821398,3236.0,16976.0,19.0,0.0,1.0,1.0,1.0,0.0,0.0,0.0,1.0,1.0"
"500000.0,9.0625,4.225569621970256E-6,500000.0,73.2668,70.29593962010976,70.29486017032019,70.21835034089389,213955.0,913824.0,9.0,328.0,85.0,57.0,57.0,6.0,0.0,0.0,1.0,2.0"
"500000.0,13.0625,8.956330517927806E-6,500000.0,72.2732,69.19227038049826,69.19080128717977,69.11144779644401,500000.0,2398352.0,0.0,9.0,296.0,150.0,150.0,8.0,0.0,0.0,1.0,5.0"
"500000.0,4.328125,6.27832034499281E-8,500000.0,73.3828,70.42478047915425,70.4237559336498,70.34757809366783,10284.0,16976.0,15.0,0.0,1.0,1.0,1.0,0.0,0.0,0.0,1.0,1.0"
"500000.0,6.734375,1.0570200781027475E-7,500000.0,51.370599999999996,45.966323748914284,45.96445143740999,45.82527516599082,151.0,16736.0,2467.0,1532.0,1.0,1.0,1.0,0.0,0.0,0.0,1.0,1.0"
