learning evaluation instances,evaluation time (cpu seconds),model cost (RAM-Hours),classified instances,classifications correct (percent),Kappa Statistic (percent),Kappa Temporal Statistic (percent),Kappa M Statistic (percent),model training instances,model serialized size (bytes),Change detected,Warning detected,[avg] model training instances,[err] model training instances,[avg] model serialized size (bytes),[err] model serialized size (bytes),[avg] tree size (nodes),[err] tree size (nodes),[avg] tree size (leaves),[err] tree size (leaves),[avg] active learning leaves,[err] active learning leaves,[avg] tree depth,[err] tree depth,[avg] active leaf byte size estimate,[err] active leaf byte size estimate,[avg] inactive leaf byte size estimate,[err] inactive leaf byte size estimate,[avg] byte size estimate overhead,[err] byte size estimate overhead
"500000.0,7.765625,7.277302857902314E-8,500000.0,48.0688,31.900311226843193,32.77880037590189,25.778005185272,513.0,7488.0,348.0,0.0,1.0,1.0,1.0,0.0,0.0,0.0,1.0,1.0"
"500000.0,7.140625,6.527565549024277E-8,500000.0,49.5706,33.965747572222504,34.72277235412443,27.924433378973635,59.0,7488.0,246.0,0.0,1.0,1.0,1.0,0.0,0.0,0.0,1.0,1.0"
"500000.0,13.25,2.8456644051604798E-6,500000.0,35.403,12.934734778035292,16.38383414752855,7.675574624753819,380376.0,397024.0,35.0,396.0,100.0,52.0,52.0,8.0,0.0,0.0,1.0,4.0"
"500000.0,8.34375,8.858623914420605E-8,500000.0,49.175999999999995,33.409781244328926,34.211991063269046,27.36045644114259,437.0,7488.0,737.0,2049.0,1.0,1.0,1.0,0.0,0.0,0.0,1.0,1.0"
"500000.0,7.328125,6.77631598793798E-8,500000.0,47.214800000000004,30.779364290099842,31.6733588594536,24.557436749114594,586.0,7488.0,187.0,0.0,1.0,1.0,1.0,0.0,0.0,0.0,1.0,1.0"
"500000.0,9.609375,9.989550259585182E-8,500000.0,48.9196,33.081236825748746,33.88009972273352,26.994000062886435,2.0,5872.0,2377.0,4387.0,1.0,1.0,1.0,0.0,0.0,0.0,1.0,0.0"
