learning evaluation instances,evaluation time (cpu seconds),model cost (RAM-Hours),classified instances,classifications correct (percent),Kappa Statistic (percent),Kappa Temporal Statistic (percent),Kappa M Statistic (percent),model training instances,model serialized size (bytes),Change detected,Warning detected,[avg] model training instances,[err] model training instances,[avg] model serialized size (bytes),[err] model serialized size (bytes),[avg] tree size (nodes),[err] tree size (nodes),[avg] tree size (leaves),[err] tree size (leaves),[avg] active learning leaves,[err] active learning leaves,[avg] tree depth,[err] tree depth,[avg] active leaf byte size estimate,[err] active leaf byte size estimate,[avg] inactive leaf byte size estimate,[err] inactive leaf byte size estimate,[avg] byte size estimate overhead,[err] byte size estimate overhead
"500000.0,6.25,2.7903847189413177E-6,500000.0,78.082,55.71230746059936,53.259548333439945,53.51293569692418,128609.0,1689912.0,45.0,0.0,515.0,383.0,383.0,5.0,0.0,0.0,1.0,5.0"
"500000.0,5.109375,1.5059731473835807E-6,500000.0,80.11399999999999,59.96591364131779,57.592817691339846,57.82271371790466,115153.0,1106192.0,19.0,0.0,369.0,255.0,255.0,4.0,0.0,0.0,1.0,5.0"
"500000.0,6.171875,2.354370695280118E-6,500000.0,77.563,54.678514542588665,52.15277333503935,52.41216070042377,125610.0,1436616.0,14.0,194.0,471.0,330.0,330.0,5.0,0.0,0.0,1.0,5.0"
"500000.0,5.328125,2.162572216346032E-6,500000.0,81.905,63.54417441495901,61.412151067323464,61.62134188501884,120174.0,1531224.0,30.0,83.0,491.0,351.0,351.0,5.0,0.0,0.0,1.0,5.0"
"500000.0,5.21875,1.9973187914325132E-6,500000.0,80.1794,60.27337431764907,57.73228413622502,57.96142409318622,129119.0,1444968.0,4.0,0.0,472.0,327.0,327.0,5.0,0.0,0.0,1.0,4.0"
"500000.0,4.109375,3.999800861088766E-8,500000.0,64.52980000000001,28.790967971344934,24.35928603416288,24.76934627963503,67.0,4712.0,2488.0,662.0,1.0,1.0,1.0,0.0,0.0,0.0,1.0,1.0"
