learning evaluation instances,evaluation time (cpu seconds),model cost (RAM-Hours),classified instances,classifications correct (percent),Kappa Statistic (percent),Kappa Temporal Statistic (percent),Kappa M Statistic (percent),model training instances,model serialized size (bytes),Change detected,Warning detected,tree size (nodes),tree size (leaves),active learning leaves,tree depth,active leaf byte size estimate,inactive leaf byte size estimate,byte size estimate overhead,maximum prediction paths used
"500000.0,3.78125,4.441474124582278E-7,500000.0,87.4628,74.75474595652867,72.58609756630878,73.42394668339875,124897.0,421208.0,14.0,0.0,159.0,95.0,95.0,8.0,0.0,0.0,1.0,5.0"
"500000.0,3.25,3.8052909076213834E-7,500000.0,87.586,74.99106909360216,72.85548728489275,73.6851030635,124891.0,421208.0,3.0,0.0,159.0,95.0,95.0,8.0,0.0,0.0,1.0,5.0"
"500000.0,3.75,7.289228960871696E-7,500000.0,88.031,75.96085297884262,73.82852644698578,74.62840330006699,124829.0,715624.0,4.0,17.0,229.0,166.0,166.0,7.0,0.0,0.0,1.0,2.0"
"500000.0,3.640625,4.684071043609745E-7,500000.0,85.40480000000001,70.65336641492455,68.08606476723592,69.06144806125305,120627.0,462064.0,26.0,32.0,174.0,104.0,104.0,9.0,0.0,0.0,1.0,3.0"
"500000.0,3.53125,4.189699474308226E-7,500000.0,87.3504,74.5307784962449,72.3403231801981,73.18568388207261,124666.0,426888.0,3.0,0.0,159.0,95.0,95.0,8.0,0.0,0.0,1.0,4.0"
"500000.0,4.125,3.9919589956601464E-8,500000.0,69.00739999999999,37.87740311651378,32.23143025823803,34.302636153200424,58.0,4712.0,2494.0,360.0,1.0,1.0,1.0,0.0,0.0,0.0,1.0,1.0"
