learning evaluation instances,evaluation time (cpu seconds),model cost (RAM-Hours),classified instances,classifications correct (percent),Kappa Statistic (percent),Kappa Temporal Statistic (percent),Kappa M Statistic (percent),model training instances,model serialized size (bytes),Change detected,Warning detected
"581012.0,8.1875,9.256997145712375E-8,581012.0,82.4946816933213,72.10220421246767,-254.44502526572603,65.83586381103376,1429.0,12856.0,741.0,0.0"
"581012.0,8.171875,9.061749248454968E-8,581012.0,81.54668061933317,70.65927801453205,-273.6400069698555,63.98570392067289,1274.0,12848.0,286.0,0.0"
"581012.0,7.84375,1.1274144829561314E-7,581012.0,88.02606486613013,80.77508868532773,-142.44641923680106,76.63115040442854,1547.0,12864.0,4634.0,6889.0"
"581012.0,7.34375,1.0351812104798026E-7,581012.0,86.0818709424246,77.66789185328386,-181.81216239763037,72.83677747023889,1669.0,12864.0,2416.0,458.0"
"581012.0,8.890625,9.943407753275501E-8,581012.0,80.05962011111647,68.39646979253561,-303.74978219201967,61.083492327949905,1655.0,12864.0,117.0,0.0"
"581012.0,7.6875,9.091027701894442E-8,581012.0,85.4178571182695,76.59120422745076,-195.25701341697174,71.5408593770994,477.0,9288.0,2860.0,2.0"
