learning evaluation instances,evaluation time (cpu seconds),model cost (RAM-Hours),classified instances,classifications correct (percent),Kappa Statistic (percent),Kappa Temporal Statistic (percent),Kappa M Statistic (percent),model training instances,model serialized size (bytes),Change detected,Warning detected
"500000.0,3.140625,3.0068331398069855E-8,500000.0,72.0364,68.92899358182088,68.89657105484443,68.8488248517836,140385.0,15168.0,24.0,0.0"
"500000.0,2.703125,2.4458729765481416E-8,500000.0,71.9856,68.87246961724095,68.8400670928934,68.79223415181904,7741.0,14976.0,11.0,0.0"
"500000.0,2.78125,3.592376338524951E-8,500000.0,72.0108,68.90038542496887,68.8680966173258,68.82030670376996,136719.0,15168.0,7.0,148.0"
"500000.0,2.765625,3.485765773802996E-8,500000.0,70.952,67.72404336748453,67.69041167807869,67.64081392576816,231847.0,15168.0,6.0,18.0"
"500000.0,2.671875,2.4419277906417846E-8,500000.0,72.0832,68.98105350783263,68.9486258859332,68.90095959112105,130337.0,14976.0,5.0,0.0"
"500000.0,3.515625,3.479362931102514E-8,500000.0,49.7792,44.19811426771244,44.14027219782616,44.054523134233584,73.0,14896.0,2452.0,2049.0"
