learning evaluation instances,evaluation time (cpu seconds),model cost (RAM-Hours),classified instances,classifications correct (percent),Kappa Statistic (percent),Kappa Temporal Statistic (percent),Kappa M Statistic (percent),model training instances,model serialized size (bytes),Change detected,Warning detected
"500000.0,5.578125,2.1680607460439207E-8,500000.0,47.8958,31.698639230610098,32.55486433100077,25.530747176542217,513.0,5088.0,314.0,0.0"
"500000.0,5.5,2.0193143023384942E-8,500000.0,49.674800000000005,34.09353654571454,34.857651752267195,28.07335987902938,816.0,5088.0,245.0,0.0"
"500000.0,5.40625,2.6685302145779132E-8,500000.0,31.873800000000003,7.010361746725397,11.815538831545732,2.63151124666631,371070.0,5088.0,45.0,430.0"
"500000.0,5.53125,2.432595162341992E-8,500000.0,49.4114,33.7357247554975,34.51669941569519,27.696898841460456,435.0,5088.0,774.0,2178.0"
"500000.0,5.484375,2.063519787043333E-8,500000.0,47.5886,31.270349798686347,32.15721604780064,25.09168555641627,324.0,5088.0,191.0,0.0"
"500000.0,6.09375,3.133997476349274E-8,500000.0,49.2458,33.588321150182715,34.30234213803262,27.460217186861314,170.0,5088.0,2375.0,4544.0"
