learning evaluation instances,evaluation time (cpu seconds),model cost (RAM-Hours),classified instances,classifications correct (percent),Kappa Statistic (percent),Kappa Temporal Statistic (percent),Kappa M Statistic (percent),model training instances,model serialized size (bytes),Change detected,Warning detected
"13910.0,1.34375,3.158140720592605E-8,13910.0,83.30697340043133,79.8560927993974,59.09090909090907,78.19923011923763,663.0,69416.0,16.0,0.0"
"13910.0,1.453125,3.3902373009671764E-8,13910.0,82.95470884255931,79.42394346118681,58.22762508809019,77.7391794197728,517.0,69416.0,10.0,0.0"
"13910.0,1.046875,3.567987328602208E-8,13910.0,87.2178289000719,84.55555253657676,68.67512332628611,83.30673176227585,672.0,69416.0,41.0,87.0"
"13910.0,1.234375,4.075719819714625E-8,13910.0,88.23148813803019,85.75634797652982,71.15926708949964,84.63055112196038,674.0,69416.0,35.0,24.0"
"13910.0,1.53125,3.5864520921475354E-8,13910.0,81.28684399712436,77.42444236591363,54.14023960535588,75.56098018965355,1479.0,69416.0,8.0,0.0"
"13910.0,1.125,2.0016450434923172E-8,13910.0,88.13084112149532,85.63682719555955,70.91261451726568,84.49910806497043,65.0,44840.0,59.0,0.0"
