learning evaluation instances,evaluation time (cpu seconds),model cost (RAM-Hours),classified instances,classifications correct (percent),Kappa Statistic (percent),Kappa Temporal Statistic (percent),Kappa M Statistic (percent),model training instances,model serialized size (bytes),Change detected,Warning detected
"539383.0,2.1875,3.885749417046706E-8,539383.0,67.08442794822975,32.305475200008274,21.534041941970703,26.105559324573495,216.0,9896.0,152.0,0.0"
"539383.0,1.921875,3.38049721904099E-8,539383.0,67.45967151356271,33.00244703514855,22.42856827171677,26.947969516737892,295.0,10056.0,35.0,0.0"
"539383.0,2.203125,4.603828225905697E-8,539383.0,65.33372390305219,27.968303075284467,17.360616975670105,22.175282919134435,310973.0,11520.0,13.0,256.0"
"539383.0,2.203125,4.379495900745194E-8,539383.0,65.17891739265049,27.438652014461777,16.991580668684943,21.8277470938097,145948.0,11520.0,23.0,56.0"
"539383.0,2.109375,3.807217581197619E-8,539383.0,67.04308441311647,31.62507850734155,21.43548494022496,26.012744367630475,43796.0,11480.0,21.0,0.0"
"539383.0,1.84375,3.5193451266321874E-8,539383.0,61.490814504721136,21.574203995559486,8.199677369456163,13.548070239695667,181.0,9896.0,2688.0,506.0"
