learning evaluation instances,evaluation time (cpu seconds),model cost (RAM-Hours),classified instances,classifications correct (percent),Kappa Statistic (percent),Kappa Temporal Statistic (percent),Kappa M Statistic (percent),model training instances,model serialized size (bytes),Change detected,Warning detected
"500000.0,3.4375,3.291061148047447E-8,500000.0,73.863,70.95847323365047,70.95733994701939,70.88253642885789,124449.0,15168.0,14.0,0.0"
"500000.0,2.59375,2.359790313575003E-8,500000.0,73.6946,70.77101084859405,70.77021885611677,70.69493338086538,8539.0,15168.0,11.0,0.0"
"500000.0,2.6875,2.806618188818296E-8,500000.0,73.7738,70.85942402361873,70.85822354970043,70.78316474310414,123947.0,14976.0,4.0,95.0"
"500000.0,2.6875,3.373948857188225E-8,500000.0,71.068,67.85294416021807,67.85161875300015,67.76881600641683,229816.0,14784.0,4.0,17.0"
"500000.0,2.640625,2.4002511054277418E-8,500000.0,73.8662,70.96204627963665,70.96089569221469,70.8861013323827,124217.0,14784.0,3.0,0.0"
"500000.0,3.046875,2.7026787089804808E-8,500000.0,51.4896,46.09837619952582,46.09668071186019,45.95784501581926,37.0,12416.0,2472.0,1360.0"
