learning evaluation instances,evaluation time (cpu seconds),model cost (RAM-Hours),classified instances,classifications correct (percent),Kappa Statistic (percent),Kappa Temporal Statistic (percent),Kappa M Statistic (percent),model training instances,model serialized size (bytes),Change detected,Warning detected
"15564.0,244.171875,0.001178429501208787,15564.0,82.3053199691596,3.599812449981829,8.383233532934096,2.2017045454545103,1069.0,1.4227856E7,26.0,0.0"
"15564.0,243.875,0.0011769548221491277,15564.0,82.27961963505525,3.373462862897229,8.250166333998655,2.059659090909078,1092.0,1.4227856E7,9.0,0.0"
"15564.0,231.53125,0.0019695813515378784,15564.0,82.54304805962478,5.674528336818495,9.614105123087162,3.515625000000006,478.0,1.4227856E7,35.0,74.0"
"15564.0,229.671875,0.0011083469777562033,15564.0,82.77435106656387,7.660782597357694,10.81170991350631,4.794034090909083,11.0,1.4227856E7,53.0,55.0"
"15564.0,272.078125,0.001313089506939933,15564.0,81.99691595990748,0.8566322663062059,6.786427145708564,0.4971590909090751,11524.0,1.4227856E7,1.0,0.0"
"15564.0,212.203125,0.0010242784398724325,15564.0,82.43382163968131,4.7255201409181735,9.04856952761142,2.9119318181817957,65.0,1.4227856E7,77.0,0.0"
