learning evaluation instances,evaluation time (cpu seconds),model cost (RAM-Hours),classified instances,classifications correct (percent),Kappa Statistic (percent),Kappa Temporal Statistic (percent),Kappa M Statistic (percent),model training instances,model serialized size (bytes),Change detected,Warning detected
"150000.0,0.609375,2.2335249620179337E-9,150000.0,93.12666666666667,4.678993316679114,44.8781009409752,-2.842892768079821,150000.0,3224.0,0.0,0.0"
"150000.0,0.5625,1.7939601093530655E-9,150000.0,93.12666666666667,4.678993316679114,44.8781009409752,-2.842892768079821,150000.0,3224.0,0.0,0.0"
"150000.0,0.578125,2.296065859910515E-9,150000.0,93.12666666666667,4.678993316679114,44.8781009409752,-2.842892768079821,150000.0,3224.0,0.0,7.0"
"150000.0,0.53125,1.9680656906631257E-9,150000.0,92.93933333333332,5.039703858296287,43.37574850299398,-5.645885286783154,143093.0,3224.0,20.0,22.0"
"150000.0,0.46875,1.5376523757974307E-9,150000.0,93.12666666666667,4.678993316679114,44.8781009409752,-2.842892768079821,150000.0,3224.0,0.0,0.0"
"150000.0,0.703125,3.0195224098861217E-9,150000.0,79.95266666666667,10.722450803281605,-60.773096663815195,-199.96009975062353,111.0,3224.0,749.0,15.0"
