learning evaluation instances,evaluation time (cpu seconds),model cost (RAM-Hours),classified instances,classifications correct (percent),Kappa Statistic (percent),Kappa Temporal Statistic (percent),Kappa M Statistic (percent),model training instances,model serialized size (bytes),Change detected,Warning detected
"500000.0,3.140625,1.3578198074052732E-8,500000.0,65.1586,30.289825550633182,29.216948243496915,28.47353380742006,132065.0,2904.0,35.0,0.0"
"500000.0,2.96875,1.1421959950692124E-8,500000.0,65.3752,30.711941152976852,29.656988224968917,28.91819540475291,129557.0,2904.0,9.0,0.0"
"500000.0,2.625,1.1875915030638377E-8,500000.0,63.7618,27.594421344594416,26.37923888929521,25.606020791932867,255266.0,2904.0,3.0,256.0"
"500000.0,2.75,1.1769847737418281E-8,500000.0,60.30180000000001,20.615778365194696,19.349976027369443,18.502931563993506,71336.0,2904.0,4.0,30.0"
"500000.0,2.734375,1.076922570872638E-8,500000.0,65.081,30.13348513894894,29.059297723819043,28.31422752878188,132517.0,2904.0,3.0,0.0"
"500000.0,2.9375,1.5824852097365594E-8,500000.0,58.357800000000005,16.62596388009552,15.400586719975303,14.512062934191732,181.0,2904.0,2479.0,1146.0"
