learning evaluation instances,evaluation time (cpu seconds),model cost (RAM-Hours),classified instances,classifications correct (percent),Kappa Statistic (percent),Kappa Temporal Statistic (percent),Kappa M Statistic (percent),model training instances,model serialized size (bytes),Change detected,Warning detected
"500000.0,2.21875,9.046117257740762E-9,500000.0,77.3778,54.5025572263137,50.534187566964775,52.0460076142347,124897.0,3024.0,8.0,0.0"
"500000.0,1.984375,7.145960504810015E-9,500000.0,77.364,54.47315787041984,50.5040124199156,52.01675470802207,56414.0,3024.0,7.0,0.0"
"500000.0,2.078125,9.001782422678338E-9,500000.0,74.16,48.235142493580966,43.49813045284587,45.22499300473982,124903.0,3024.0,5.0,93.0"
"500000.0,1.859375,7.553963870224025E-9,500000.0,68.28840000000001,36.390359349404804,30.659261364878766,32.7785173440057,367990.0,3024.0,7.0,34.0"
"500000.0,2.015625,7.4420434733231866E-9,500000.0,77.339,54.42595243681956,50.449347298449695,51.963760312709326,124799.0,3024.0,3.0,0.0"
"500000.0,2.234375,1.1486699804663658E-8,500000.0,69.0762,37.692885790358396,32.38186867251219,34.44847672910112,183.0,3024.0,2494.0,328.0"
