learning evaluation instances,evaluation time (cpu seconds),model cost (RAM-Hours),classified instances,classifications correct (percent),Kappa Statistic (percent),Kappa Temporal Statistic (percent),Kappa M Statistic (percent),model training instances,model serialized size (bytes),Change detected,Warning detected
"45312.0,0.140625,4.604225978255272E-10,45312.0,80.01191737288136,58.68074532008257,-36.25695802617716,52.90906254874436,289.0,2584.0,53.0,0.0"
"45312.0,0.125,3.98657802078459E-10,45312.0,79.21080508474576,56.8306138605244,-41.71806830148935,51.02168148494775,1297.0,2584.0,28.0,0.0"
"45312.0,0.21875,8.325635765989621E-10,45312.0,81.1771716101695,61.144658867689486,-28.31352489845035,55.65434409608487,254.0,2584.0,143.0,394.0"
"45312.0,0.171875,5.012002980543508E-10,45312.0,84.82962570621469,68.96275841163899,-3.415074469685571,64.25934591587375,235.0,2584.0,203.0,73.0"
"45312.0,0.203125,6.663160295122199E-10,45312.0,78.04334392655367,54.4268320798323,-49.676545810139835,48.27120054073729,11250.0,2584.0,10.0,0.0"
"45312.0,0.1875,7.993852098782858E-10,45312.0,83.79678672316385,66.70446511213704,-10.455844741988834,61.82602818073104,106.0,2584.0,226.0,0.0"
