learning evaluation instances,evaluation time (cpu seconds),model cost (RAM-Hours),classified instances,classifications correct (percent),Kappa Statistic (percent),Kappa Temporal Statistic (percent),Kappa M Statistic (percent),model training instances,model serialized size (bytes),Change detected,Warning detected
"34465.0,1.46875,2.4980529107981258E-8,34465.0,93.17858697229073,83.5840942870946,-31.93041526374849,76.1174319382365,98.0,32848.0,39.0,0.0"
"34465.0,1.53125,2.584704715344641E-8,34465.0,92.57217466995503,81.9086427797805,-43.65881032547686,73.99431125558718,147.0,32848.0,15.0,0.0"
"34465.0,1.375,3.470909885234303E-8,34465.0,94.44073697954447,86.49820533618319,-7.519640852974057,80.53636733035353,325.0,32864.0,46.0,118.0"
"34465.0,1.3125,3.2824464142322545E-8,34465.0,94.49586537066588,86.74781073039635,-6.453423120089854,80.72937830150344,212.0,32864.0,55.0,20.0"
"34465.0,1.375,2.3349033047755562E-8,34465.0,89.95212534455244,76.2838774148701,-94.33221099887757,64.82121088988218,1065.0,32888.0,7.0,0.0"
"34465.0,1.359375,2.3494455187271038E-8,34465.0,93.06542869577832,83.50095708303722,-34.11896745230068,75.72125152377083,10.0,32560.0,126.0,0.0"
