learning evaluation instances,evaluation time (cpu seconds),model cost (RAM-Hours),classified instances,classifications correct (percent),Kappa Statistic (percent),Kappa Temporal Statistic (percent),Kappa M Statistic (percent),model training instances,model serialized size (bytes)
"539383.0,1.390625,2.2287584013409085E-8,539383.0,64.55042150012143,25.32002112416876,15.49333745829005,20.416793264048145,539383.0,61952.0"
"581012.0,7.171875,8.923583664000034E-8,581012.0,60.520780982148395,40.91444728897651,-699.3692280885176,22.950648966758934,581012.0,48096.0"
"45312.0,0.0625,7.877436776955922E-11,45312.0,73.36246468926554,42.541350754193175,-81.58567774936054,37.24327977954559,45312.0,4872.0"
"13910.0,1.046875,2.268232896717058E-8,13910.0,55.72250179726815,47.31343063381726,-8.509513742071894,42.17444371420524,13910.0,83752.0"
"150000.0,0.359375,4.5295261467496557E-10,150000.0,93.12666666666667,4.678993316679114,44.8781009409752,-2.842892768079821,150000.0,4872.0"
"494021.0,14.125,2.87946831021044E-7,494021.0,98.73972968760437,97.87537969604683,97.86432677927034,97.08014819678282,494021.0,78800.0"
"34465.0,1.171875,1.7532632530977328E-8,34465.0,86.8649354417525,66.83319681152135,-154.040404040404,54.01259650548557,34465.0,57832.0"
"829201.0,3.0625,1.021712604496214E-8,829201.0,59.552750177580585,24.794050534543356,-58.84222291684429,18.922362110311735,829201.0,12896.0"
"15564.0,202.734375,9.780167432230276E-4,15564.0,81.9904908763814,0.7988502406837273,6.753160345974704,0.46164772727271697,15564.0,1.8647528E7"
